source_key,member,position,column_name
raw_counts,dft_traffic_counts_raw_counts.csv,1,count_point_id
raw_counts,dft_traffic_counts_raw_counts.csv,2,direction_of_travel
raw_counts,dft_traffic_counts_raw_counts.csv,3,year
raw_counts,dft_traffic_counts_raw_counts.csv,4,count_date
raw_counts,dft_traffic_counts_raw_counts.csv,5,hour
raw_counts,dft_traffic_counts_raw_counts.csv,6,region_id
raw_counts,dft_traffic_counts_raw_counts.csv,7,region_name
raw_counts,dft_traffic_counts_raw_counts.csv,8,region_ons_code
raw_counts,dft_traffic_counts_raw_counts.csv,9,local_authority_id
raw_counts,dft_traffic_counts_raw_counts.csv,10,local_authority_name
raw_counts,dft_traffic_counts_raw_counts.csv,11,local_authority_code
raw_counts,dft_traffic_counts_raw_counts.csv,12,road_name
raw_counts,dft_traffic_counts_raw_counts.csv,13,road_category
raw_counts,dft_traffic_counts_raw_counts.csv,14,road_type
raw_counts,dft_traffic_counts_raw_counts.csv,15,start_junction_road_name
raw_counts,dft_traffic_counts_raw_counts.csv,16,end_junction_road_name
raw_counts,dft_traffic_counts_raw_counts.csv,17,easting
raw_counts,dft_traffic_counts_raw_counts.csv,18,northing
raw_counts,dft_traffic_counts_raw_counts.csv,19,latitude
raw_counts,dft_traffic_counts_raw_counts.csv,20,longitude
raw_counts,dft_traffic_counts_raw_counts.csv,21,link_length_km
raw_counts,dft_traffic_counts_raw_counts.csv,22,link_length_miles
raw_counts,dft_traffic_counts_raw_counts.csv,23,pedal_cycles
raw_counts,dft_traffic_counts_raw_counts.csv,24,two_wheeled_motor_vehicles
raw_counts,dft_traffic_counts_raw_counts.csv,25,cars_and_taxis
raw_counts,dft_traffic_counts_raw_counts.csv,26,buses_and_coaches
raw_counts,dft_traffic_counts_raw_counts.csv,27,LGVs
raw_counts,dft_traffic_counts_raw_counts.csv,28,HGVs_2_rigid_axle
raw_counts,dft_traffic_counts_raw_counts.csv,29,HGVs_3_rigid_axle
raw_counts,dft_traffic_counts_raw_counts.csv,30,HGVs_4_or_more_rigid_axle
raw_counts,dft_traffic_counts_raw_counts.csv,31,HGVs_3_or_4_articulated_axle
raw_counts,dft_traffic_counts_raw_counts.csv,32,HGVs_5_articulated_axle
raw_counts,dft_traffic_counts_raw_counts.csv,33,HGVs_6_articulated_axle
raw_counts,dft_traffic_counts_raw_counts.csv,34,all_HGVs
raw_counts,dft_traffic_counts_raw_counts.csv,35,all_motor_vehicles
aadf,dft_traffic_counts_aadf.csv,1,count_point_id
aadf,dft_traffic_counts_aadf.csv,2,year
aadf,dft_traffic_counts_aadf.csv,3,region_id
aadf,dft_traffic_counts_aadf.csv,4,region_name
aadf,dft_traffic_counts_aadf.csv,5,region_ons_code
aadf,dft_traffic_counts_aadf.csv,6,local_authority_id
aadf,dft_traffic_counts_aadf.csv,7,local_authority_name
aadf,dft_traffic_counts_aadf.csv,8,local_authority_code
aadf,dft_traffic_counts_aadf.csv,9,road_name
aadf,dft_traffic_counts_aadf.csv,10,road_category
aadf,dft_traffic_counts_aadf.csv,11,road_type
aadf,dft_traffic_counts_aadf.csv,12,start_junction_road_name
aadf,dft_traffic_counts_aadf.csv,13,end_junction_road_name
aadf,dft_traffic_counts_aadf.csv,14,easting
aadf,dft_traffic_counts_aadf.csv,15,northing
aadf,dft_traffic_counts_aadf.csv,16,latitude
aadf,dft_traffic_counts_aadf.csv,17,longitude
aadf,dft_traffic_counts_aadf.csv,18,link_length_km
aadf,dft_traffic_counts_aadf.csv,19,link_length_miles
aadf,dft_traffic_counts_aadf.csv,20,estimation_method
aadf,dft_traffic_counts_aadf.csv,21,estimation_method_detailed
aadf,dft_traffic_counts_aadf.csv,22,pedal_cycles
aadf,dft_traffic_counts_aadf.csv,23,two_wheeled_motor_vehicles
aadf,dft_traffic_counts_aadf.csv,24,cars_and_taxis
aadf,dft_traffic_counts_aadf.csv,25,buses_and_coaches
aadf,dft_traffic_counts_aadf.csv,26,LGVs
aadf,dft_traffic_counts_aadf.csv,27,HGVs_2_rigid_axle
aadf,dft_traffic_counts_aadf.csv,28,HGVs_3_rigid_axle
aadf,dft_traffic_counts_aadf.csv,29,HGVs_4_or_more_rigid_axle
aadf,dft_traffic_counts_aadf.csv,30,HGVs_3_or_4_articulated_axle
aadf,dft_traffic_counts_aadf.csv,31,HGVs_5_articulated_axle
aadf,dft_traffic_counts_aadf.csv,32,HGVs_6_articulated_axle
aadf,dft_traffic_counts_aadf.csv,33,all_HGVs
aadf,dft_traffic_counts_aadf.csv,34,all_motor_vehicles
count_points,count_points.csv,1,count_point_id
count_points,count_points.csv,2,year
count_points,count_points.csv,3,region_id
count_points,count_points.csv,4,region_name
count_points,count_points.csv,5,region_ons_code
count_points,count_points.csv,6,local_authority_id
count_points,count_points.csv,7,local_authority_name
count_points,count_points.csv,8,local_authority_code
count_points,count_points.csv,9,road_name
count_points,count_points.csv,10,road_category
count_points,count_points.csv,11,road_type
count_points,count_points.csv,12,start_junction_road_name
count_points,count_points.csv,13,end_junction_road_name
count_points,count_points.csv,14,easting
count_points,count_points.csv,15,northing
count_points,count_points.csv,16,latitude
count_points,count_points.csv,17,longitude
count_points,count_points.csv,18,link_length_km
count_points,count_points.csv,19,link_length_miles
raw_counts_6069,dft_rawcount_count_point_id_6069.csv,1,count_point_id
raw_counts_6069,dft_rawcount_count_point_id_6069.csv,2,direction_of_travel
raw_counts_6069,dft_rawcount_count_point_id_6069.csv,3,year
raw_counts_6069,dft_rawcount_count_point_id_6069.csv,4,count_date
raw_counts_6069,dft_rawcount_count_point_id_6069.csv,5,hour
raw_counts_6069,dft_rawcount_count_point_id_6069.csv,6,region_id
raw_counts_6069,dft_rawcount_count_point_id_6069.csv,7,region_name
raw_counts_6069,dft_rawcount_count_point_id_6069.csv,8,local_authority_id
raw_counts_6069,dft_rawcount_count_point_id_6069.csv,9,local_authority_name
raw_counts_6069,dft_rawcount_count_point_id_6069.csv,10,road_name
raw_counts_6069,dft_rawcount_count_point_id_6069.csv,11,road_type
raw_counts_6069,dft_rawcount_count_point_id_6069.csv,12,start_junction_road_name
raw_counts_6069,dft_rawcount_count_point_id_6069.csv,13,end_junction_road_name
raw_counts_6069,dft_rawcount_count_point_id_6069.csv,14,easting
raw_counts_6069,dft_rawcount_count_point_id_6069.csv,15,northing
raw_counts_6069,dft_rawcount_count_point_id_6069.csv,16,latitude
raw_counts_6069,dft_rawcount_count_point_id_6069.csv,17,longitude
raw_counts_6069,dft_rawcount_count_point_id_6069.csv,18,link_length_km
raw_counts_6069,dft_rawcount_count_point_id_6069.csv,19,link_length_miles
raw_counts_6069,dft_rawcount_count_point_id_6069.csv,20,pedal_cycles
raw_counts_6069,dft_rawcount_count_point_id_6069.csv,21,two_wheeled_motor_vehicles
raw_counts_6069,dft_rawcount_count_point_id_6069.csv,22,cars_and_taxis
raw_counts_6069,dft_rawcount_count_point_id_6069.csv,23,buses_and_coaches
raw_counts_6069,dft_rawcount_count_point_id_6069.csv,24,lgvs
raw_counts_6069,dft_rawcount_count_point_id_6069.csv,25,hgvs_2_rigid_axle
raw_counts_6069,dft_rawcount_count_point_id_6069.csv,26,hgvs_3_rigid_axle
raw_counts_6069,dft_rawcount_count_point_id_6069.csv,27,hgvs_4_or_more_rigid_axle
raw_counts_6069,dft_rawcount_count_point_id_6069.csv,28,hgvs_3_or_4_articulated_axle
raw_counts_6069,dft_rawcount_count_point_id_6069.csv,29,hgvs_5_articulated_axle
raw_counts_6069,dft_rawcount_count_point_id_6069.csv,30,hgvs_6_articulated_axle
raw_counts_6069,dft_rawcount_count_point_id_6069.csv,31,all_hgvs
raw_counts_6069,dft_rawcount_count_point_id_6069.csv,32,all_motor_vehicles
aadf_6069,dft_aadf_count_point_id_6069.csv,1,count_point_id
aadf_6069,dft_aadf_count_point_id_6069.csv,2,year
aadf_6069,dft_aadf_count_point_id_6069.csv,3,region_id
aadf_6069,dft_aadf_count_point_id_6069.csv,4,region_name
aadf_6069,dft_aadf_count_point_id_6069.csv,5,local_authority_id
aadf_6069,dft_aadf_count_point_id_6069.csv,6,local_authority_name
aadf_6069,dft_aadf_count_point_id_6069.csv,7,road_name
aadf_6069,dft_aadf_count_point_id_6069.csv,8,road_type
aadf_6069,dft_aadf_count_point_id_6069.csv,9,start_junction_road_name
aadf_6069,dft_aadf_count_point_id_6069.csv,10,end_junction_road_name
aadf_6069,dft_aadf_count_point_id_6069.csv,11,easting
aadf_6069,dft_aadf_count_point_id_6069.csv,12,northing
aadf_6069,dft_aadf_count_point_id_6069.csv,13,latitude
aadf_6069,dft_aadf_count_point_id_6069.csv,14,longitude
aadf_6069,dft_aadf_count_point_id_6069.csv,15,link_length_km
aadf_6069,dft_aadf_count_point_id_6069.csv,16,link_length_miles
aadf_6069,dft_aadf_count_point_id_6069.csv,17,estimation_method
aadf_6069,dft_aadf_count_point_id_6069.csv,18,estimation_method_detailed
aadf_6069,dft_aadf_count_point_id_6069.csv,19,pedal_cycles
aadf_6069,dft_aadf_count_point_id_6069.csv,20,two_wheeled_motor_vehicles
aadf_6069,dft_aadf_count_point_id_6069.csv,21,cars_and_taxis
aadf_6069,dft_aadf_count_point_id_6069.csv,22,buses_and_coaches
aadf_6069,dft_aadf_count_point_id_6069.csv,23,lgvs
aadf_6069,dft_aadf_count_point_id_6069.csv,24,hgvs_2_rigid_axle
aadf_6069,dft_aadf_count_point_id_6069.csv,25,hgvs_3_rigid_axle
aadf_6069,dft_aadf_count_point_id_6069.csv,26,hgvs_4_or_more_rigid_axle
aadf_6069,dft_aadf_count_point_id_6069.csv,27,hgvs_3_or_4_articulated_axle
aadf_6069,dft_aadf_count_point_id_6069.csv,28,hgvs_5_articulated_axle
aadf_6069,dft_aadf_count_point_id_6069.csv,29,hgvs_6_articulated_axle
aadf_6069,dft_aadf_count_point_id_6069.csv,30,all_hgvs
aadf_6069,dft_aadf_count_point_id_6069.csv,31,all_motor_vehicles
