file,purpose,date,rows,distinct_end_times,missing_end_times,duplicate_end_times,uk_clock_change
man1_2010-06-20_2010-06-22.csv,count_date,2010-06-20,24,24,,,
man1_2010-06-20_2010-06-22.csv,count_date,2010-06-21,24,24,,,
man1_2010-06-20_2010-06-22.csv,count_date,2010-06-22,24,24,,,
man1_2012-10-21_2012-10-23.csv,count_date,2012-10-21,24,24,,,
man1_2012-10-21_2012-10-23.csv,count_date,2012-10-22,24,24,,,
man1_2012-10-21_2012-10-23.csv,count_date,2012-10-23,24,24,,,
man1_2018-04-19_2018-04-21.csv,count_date,2018-04-19,24,24,,,
man1_2018-04-19_2018-04-21.csv,count_date,2018-04-20,24,24,,,
man1_2018-04-19_2018-04-21.csv,count_date,2018-04-21,24,24,,,
man1_2025-05-21_2025-05-23.csv,count_date,2025-05-21,24,24,,,
man1_2025-05-21_2025-05-23.csv,count_date,2025-05-22,24,24,,,
man1_2025-05-21_2025-05-23.csv,count_date,2025-05-23,24,24,,,
man1_2010-03-27_2010-03-29.csv,dst_check,2010-03-27,24,24,,,
man1_2010-03-27_2010-03-29.csv,dst_check,2010-03-28,24,24,,,spring forward
man1_2010-03-27_2010-03-29.csv,dst_check,2010-03-29,24,24,,,
man1_2010-10-30_2010-11-01.csv,dst_check,2010-10-30,24,24,,,
man1_2010-10-30_2010-11-01.csv,dst_check,2010-10-31,24,24,,,fall back
man1_2010-10-30_2010-11-01.csv,dst_check,2010-11-01,24,24,,,
man1_2012-03-24_2012-03-26.csv,dst_check,2012-03-24,24,24,,,
man1_2012-03-24_2012-03-26.csv,dst_check,2012-03-25,24,24,,,spring forward
man1_2012-03-24_2012-03-26.csv,dst_check,2012-03-26,24,24,,,
man1_2012-10-27_2012-10-29.csv,dst_check,2012-10-27,24,24,,,
man1_2012-10-27_2012-10-29.csv,dst_check,2012-10-28,24,24,,,fall back
man1_2012-10-27_2012-10-29.csv,dst_check,2012-10-29,24,24,,,
man1_2018-03-24_2018-03-26.csv,dst_check,2018-03-24,24,24,,,
man1_2018-03-24_2018-03-26.csv,dst_check,2018-03-25,24,24,,,spring forward
man1_2018-03-24_2018-03-26.csv,dst_check,2018-03-26,24,24,,,
man1_2018-10-27_2018-10-29.csv,dst_check,2018-10-27,24,24,,,
man1_2018-10-27_2018-10-29.csv,dst_check,2018-10-28,24,24,,,fall back
man1_2018-10-27_2018-10-29.csv,dst_check,2018-10-29,24,24,,,
man1_2025-03-29_2025-03-31.csv,dst_check,2025-03-29,24,24,,,
man1_2025-03-29_2025-03-31.csv,dst_check,2025-03-30,24,24,,,spring forward
man1_2025-03-29_2025-03-31.csv,dst_check,2025-03-31,24,24,,,
man1_2025-10-25_2025-10-27.csv,dst_check,2025-10-25,24,24,,,
man1_2025-10-25_2025-10-27.csv,dst_check,2025-10-26,24,24,,,fall back
man1_2025-10-25_2025-10-27.csv,dst_check,2025-10-27,24,24,,,
