file,purpose,traffic_year,traffic_count_date,requested_from,requested_to,parameters_requested,parameters_available,csv_url,retrieved_at_utc,size_bytes,sha256,rows,first_end,last_end,valid_NO_rows,valid_NO2_rows,valid_NOXasNO2_rows,valid_PM10_rows,statuses,notes
man1_2010-06-20_2010-06-22.csv,count_date,2010,2010-06-21,2010-06-20,2010-06-22,NO NO2 NOXasNO2 GE10,NO NO2 NOXasNO2 GE10,https://www.airqualityengland.co.uk/assets/downloads/2010-06-20-261009100707.csv,2026-10-09T09:07:07+00:00,7126,424f1dcb6ecb3ba14b2effdc68ed851da5c78a695ddf59558de4bcf8e117921f,72,20/06/2010 01:00:00,22/06/2010 24:00:00,72,72,72,72,R:288,
man1_2012-10-21_2012-10-23.csv,count_date,2012,2012-10-22,2012-10-21,2012-10-23,NO NO2 NOXasNO2 GE10,NO NO2 NOXasNO2 GE10,https://www.airqualityengland.co.uk/assets/downloads/2012-10-21-261009100708.csv,2026-10-09T09:07:08+00:00,7019,f172e48ff8e8de237aa49875e973298514d38d310dad26d4f5804bc5728f3a35,72,21/10/2012 01:00:00,23/10/2012 24:00:00,70,70,70,72,R:282,
man1_2018-04-19_2018-04-21.csv,count_date,2018,2018-04-20,2018-04-19,2018-04-21,NO NO2 NOXasNO2 GE10,NO NO2 NOXasNO2 GE10,https://www.airqualityengland.co.uk/assets/downloads/2018-04-19-261009100709.csv,2026-10-09T09:07:10+00:00,7162,b73d9a031b902f733b2a0dd492684bf8bf044de2f0b8f584707d3a66436f8841,72,19/04/2018 01:00:00,21/04/2018 24:00:00,72,72,72,72,R:288,
man1_2025-05-21_2025-05-23.csv,count_date,2025,2025-05-22,2025-05-21,2025-05-23,NO NO2 NOXasNO2 GE10,NO NO2 NOXasNO2 GE10,https://www.airqualityengland.co.uk/assets/downloads/2025-05-21-261009100711.csv,2026-10-09T09:07:11+00:00,6991,edb95ee5dc363a351969116fbab3c63722f2e5a92c970ee26ba6b8d0602d1f3a,72,21/05/2025 01:00:00,23/05/2025 24:00:00,71,71,71,72,R:285,
man1_2010-03-27_2010-03-29.csv,dst_check,2010,,2010-03-27,2010-03-29,NO NO2 NOXasNO2 GE10,NO NO2 NOXasNO2 GE10,https://www.airqualityengland.co.uk/assets/downloads/2010-03-27-261009100712.csv,2026-10-09T09:07:12+00:00,6915,bd2b5b2cc114e3562a60caade44bfb25586eff2f97e53f332a736219d416b5f5,72,27/03/2010 01:00:00,29/03/2010 24:00:00,67,67,67,72,R:273,
man1_2010-10-30_2010-11-01.csv,dst_check,2010,,2010-10-30,2010-11-01,NO NO2 NOXasNO2 GE10,NO NO2 NOXasNO2 GE10,https://www.airqualityengland.co.uk/assets/downloads/2010-10-30-261009100713.csv,2026-10-09T09:07:14+00:00,6683,a92955dda6282463cfe4bf7cd6973c3ab8a2c0928c88256066e89691a4accf7d,72,30/10/2010 01:00:00,01/11/2010 24:00:00,62,62,62,72,R:258,
man1_2012-03-24_2012-03-26.csv,dst_check,2012,,2012-03-24,2012-03-26,NO NO2 NOXasNO2 GE10,NO NO2 NOXasNO2 GE10,https://www.airqualityengland.co.uk/assets/downloads/2012-03-24-261009100715.csv,2026-10-09T09:07:15+00:00,6971,bd76ff11ce179d0d7e9370b9281c66b85b6d84ba0ff599b468e521f243f91cab,72,24/03/2012 01:00:00,26/03/2012 24:00:00,70,70,70,66,R:276,
man1_2012-10-27_2012-10-29.csv,dst_check,2012,,2012-10-27,2012-10-29,NO NO2 NOXasNO2 GE10,NO NO2 NOXasNO2 GE10,https://www.airqualityengland.co.uk/assets/downloads/2012-10-27-261009100716.csv,2026-10-09T09:07:16+00:00,7128,092fde2f60f77701ff1fae9bea7bf5783461a91047dac1a9cfad354836b414c7,72,27/10/2012 01:00:00,29/10/2012 24:00:00,72,72,72,70,R:286,
man1_2018-03-24_2018-03-26.csv,dst_check,2018,,2018-03-24,2018-03-26,NO NO2 NOXasNO2 GE10,NO NO2 NOXasNO2 GE10,https://www.airqualityengland.co.uk/assets/downloads/2018-03-24-261009100717.csv,2026-10-09T09:07:18+00:00,7172,5d3525effa608b87da9b6c539dc230e22576374f1e0c8c73e287bb302606b283,72,24/03/2018 01:00:00,26/03/2018 24:00:00,72,72,72,72,R:288,
man1_2018-10-27_2018-10-29.csv,dst_check,2018,,2018-10-27,2018-10-29,NO NO2 NOXasNO2 GE10,NO NO2 NOXasNO2 GE10,https://www.airqualityengland.co.uk/assets/downloads/2018-10-27-261009100719.csv,2026-10-09T09:07:19+00:00,7089,fbf7cb090594548b75f371e74d5e6a3e5b6ab3f32e467fd7bb4c24b0011b7a7c,72,27/10/2018 01:00:00,29/10/2018 24:00:00,72,72,72,72,R:288,
man1_2025-03-29_2025-03-31.csv,dst_check,2025,,2025-03-29,2025-03-31,NO NO2 NOXasNO2 GE10,NO NO2 NOXasNO2 GE10,https://www.airqualityengland.co.uk/assets/downloads/2025-03-29-261009100720.csv,2026-10-09T09:07:20+00:00,7023,73bba905348c488a2ccdd132ac50cd17bfd340263ef6e196f25f97b6543f3555,72,29/03/2025 01:00:00,31/03/2025 24:00:00,72,72,72,72,R:288,
man1_2025-10-25_2025-10-27.csv,dst_check,2025,,2025-10-25,2025-10-27,NO NO2 NOXasNO2 GE10,NO NO2 NOXasNO2 GE10,https://www.airqualityengland.co.uk/assets/downloads/2025-10-25-261009100721.csv,2026-10-09T09:07:22+00:00,6948,5a80c6eb981835614789256bd3f08f786fe74c2cecc742c1d68c63f974792277,72,25/10/2025 01:00:00,27/10/2025 24:00:00,70,70,70,72,R:282,
